{"global_rpm_tracker": [1782280406.0549052], "global_cooldown_until": 1782279941.0854988}