{"global_rpm_tracker": [1782474666.1095452], "global_cooldown_until": 1782474773.125283}