{"global_rpm_tracker": [1782337409.086276, 1782337417.274267, 1782337450.1161401], "global_cooldown_until": 1782337519.4509618}