{"global_rpm_tracker": [1782333470.297366, 1782333476.7966678, 1782333492.169579], "global_cooldown_until": 1782333492.165083}