{"global_rpm_tracker": [1782396269.421365, 1782396301.9652748], "global_cooldown_until": 1782394098.553881}