{"global_rpm_tracker": [1782323776.6489804, 1782323799.4388573, 1782323807.094954, 1782323811.864608, 1782323816.4852386, 1782323820.5484297, 1782323825.95995], "global_cooldown_until": 1782323799.4381094}